id;title;content;author
1;Singapore Mexico;Tasty action-items;Hat
2;help-desk Tools Loan;magenta mission-critical New;revolutionize Markets
3;Dominica;Designer Handmade;compress
4;explicit;Up-sized index;Communications mint
5;connect microchip Investor;Sleek Netherlands;Digitized
6;Card Soft;Fantastic;payment XSS connecting
7;clicks-and-mortar Handmade;Manager;redefine PCI
8;withdrawal matrix synergize;throughput Georgia copy;Beauty cohesive
9;Philippine;metrics Administrator bypassing;payment Cross-group
10;Optional;Executive Fantastic;bypassing Savings Solutions
